{
  "$schema": "https://schema.management.azure.com/schemas/2015-01-01/deploymentTemplate.json#",
  "contentVersion": "1.0.0.0",
  "parameters": {
    "userImageStorageAccountName": {
      "type": "string",
      "metadata": {
        "description": "This is the name of your storage account"
      }
    },
    "adminUsername": {
      "type": "string",
      "metadata": {
        "description": "User name for the Virtual Machine."
      }
    },
    "adminPassword": {
      "type": "securestring",
      "metadata": {
        "description": "Password for the Virtual Machine."
      }
    },
    "osDiskVhdUri": {
      "type": "string",
      "metadata": {
        "description": "Uri of the your user image"
      }
    },
   "vmCount": {
      "type": "int",
      "defaultValue": 1
    },
    "existingVirtualNetworkName": {
      "type": "string",
      "metadata": {
        "description": "Name of the existing VNET"
      }
    },
    "existingVirtualNetworkResourceGroup": {
      "type": "string",
      "metadata": {
        "description": "Name of the existing VNET resource group"
      }
    },
    "subnetName": {
      "type": "string",
      "metadata": {
        "description": "Name of the subnet in the virtual network you want to use"
      }
    },
    "dnsPrefixNameForPublicIP": {
      "type": "string",
      "metadata": {
        "description": "Unique DNS Name for the Public IP used to access the Virtual Machine."
      }
    },
    "vmNamePrefix": {
      "type": "string",
      "metadata": {
        "description": "Virtual Machine Name Prefix"
      }
    },
    "vmSize": {
      "type": "string",
      "defaultValue": "Standard_A1",
      "metadata": {
        "description": "Virtual Machine Size"
      }
    },
    "osType": {
      "type": "string",
      "allowedValues": [
        "Windows",
        "Linux"
      ]
    },
    "location": {
      "type": "string",
      "metadata": {
        "description": "Location"
      }
    }
  },
  "variables": {
    "apiVersion": "2015-06-15",
    "imageOffer": "WindowsServer",
    "imagePublisher": "MicrosoftWindowsServer",
    "sku": "2012-R2-Datacenter",
    "nicName": "[concat(parameters('vmNamePrefix'), 'NIC')]",
    "OSDiskName": "[concat(parameters('vmNamePrefix'), 'osDisk')]",
    "publicIPAddressType": "Dynamic",
    "storageAccountType": "Standard_LRS",
	"vnetID": "[resourceId(parameters('existingVirtualNetworkResourceGroup'), 'Microsoft.Network/virtualNetworks', parameters('existingVirtualNetworkName'))]",
    "subnetRef": "[concat(variables('vnetID'),'/subnets/', parameters('subnetName'))]",
    "vmStorageAccountContainerName": "vhds"
  },
  "resources": [
    {
      "apiVersion": "2015-05-01-preview",
      "type": "Microsoft.Network/publicIPAddresses",
      "name": "[concat(parameters('dnsPrefixNameForPublicIP'),'0',copyIndex())]",
      "location": "[parameters('location')]",
      "tags": {
        "displayName": "PublicIPAddress"
      },
      "properties": {
        "publicIPAllocationMethod": "[variables('publicIPAddressType')]",
        "dnsSettings": {
          "domainNameLabel": "[concat(parameters('dnsPrefixNameForPublicIP'),'0',copyIndex())]"
        }
      },
      "copy": {
        "name": "publicIpCopy",
        "count": "[parameters('vmCount')]"
      }
    },
    {
      "name": "[concat(parameters('vmNamePrefix'),'-nsg')]",
      "type": "Microsoft.Network/networkSecurityGroups",
      "location": "[resourceGroup().location]",
      "apiVersion": "2015-06-15",
      "properties": {
        "securityRules": [
          {
            "name": "rule1",
            "properties": {
              "protocol": "*",
              "sourcePortRange": "*",
              "destinationPortRange": "3389",
              "sourceAddressPrefix": "*",
              "destinationAddressPrefix": "*",
              "access": "Allow",
              
              "priority": 100,
              "direction": "Inbound"
            }
          },
          {
            "name": "rule2",
            "properties": {
              "protocol": "*",
              "sourcePortRange": "*",
              "destinationPortRange": "22",
              "sourceAddressPrefix": "*",
              "destinationAddressPrefix": "*",
              "access": "Allow",
              "priority": 101,
              "direction": "Inbound"
            }
          }
        ]
      }
    },
    {
      "apiVersion": "2015-05-01-preview",
      "type": "Microsoft.Network/networkInterfaces",
      "name": "[concat(variables('nicName'),'0',copyIndex())]",
      "location": "[parameters('location')]",
      "tags": {
        "displayName": "NetworkInterface"
      },
      "dependsOn": [
        "[concat('Microsoft.Network/publicIPAddresses/', concat(parameters('dnsPrefixNameForPublicIP'),'0',copyIndex()))]",
        "[concat('microsoft.Network/networkSecurityGroups/', concat(parameters('vmNamePrefix'),'-nsg'))]"
      ],
      "properties": {
        "ipConfigurations": [
          {
            "name": "[concat('ipconfig', '0',copyIndex())]",
            "properties": {
              "privateIPAllocationMethod": "Dynamic",
              "publicIPAddress": {
                "id": "[resourceId('Microsoft.Network/publicIPAddresses',concat(parameters('dnsPrefixNameForPublicIP'),'0',copyIndex()))]"
              },
              "subnet": {
                "id": "[variables('subnetRef')]"
              }
            }
          }
        ],
        "networkSecurityGroup": {
          "id": "[resourceId('Microsoft.Network/networkSecurityGroups',concat(parameters('vmNamePrefix'),'-nsg'))]"
        }
      },
      "copy": {
        "name": "nicCopy",
        "count": "[parameters('vmCount')]"
      }
    },
    {
      "apiVersion": "2015-05-01-preview",
      "copy": {
        "name": "nodeCopy",
        "count": "[parameters('vmCount')]"
      },
      "dependsOn": [
        "[concat('Microsoft.Network/networkInterfaces/', concat(variables('nicName'),'0',copyIndex()))]"
      ],
      "location": "[parameters('location')]",
      "name": "[concat(parameters('vmNamePrefix'),'0',copyIndex())]",
      "properties": {
        "hardwareProfile": {
          "vmSize": "[parameters('vmSize')]"
        },
        "osProfile": {
          "computerName": "[concat(parameters('vmNamePrefix'),'0',copyIndex())]",
          "adminUsername": "[parameters('adminUsername')]",
          "adminPassword": "[parameters('adminPassword')]"
        },
        "storageProfile": {
          "osDisk": {
            "name": "osdisk",
            "osType": "[parameters('osType')]",
            "image": {
              "uri": "[parameters('osDiskVhdUri')]"
            },
            "vhd": {
              "uri": "[concat(reference(concat('Microsoft.Storage/storageAccounts/', parameters('userImageStorageAccountName')), variables('apiVersion')).primaryEndpoints.blob, 'vhds/',concat(variables('OSDiskName'),'0',copyIndex()),'.vhd')]"
            },
            "caching": "ReadWrite",
            "createOption": "FromImage"
          }

        },
        "networkProfile": {
          "networkInterfaces": [
            {
              "id": "[resourceId('Microsoft.Network/networkInterfaces', concat(variables('nicName'),'0',copyIndex()))]"
            }
          ]
        }
      },
      "tags": {
        "displayName": "VirtualMachine"
      },
      "type": "Microsoft.Compute/virtualMachines"
    }
  ]
}
